X,X,F,R,I,S,T,E,1
K,X,X,X,X,X,X,X,1
K,D,F,R,I,S,T,E,1
R,N,F,R,I,S,T,E,1
K,N,X,X,X,X,X,X,1
N,N,F,R,I,S,T,E,1
T,N,F,R,I,S,T,E,1
X,X,X,R,I,S,T,E,1
X,N,F,R,I,S,T,E,1
K,N,F,X,X,X,X,X,1
X,X,X,X,I,S,T,E,1
K,X,F,R,I,S,T,E,1
X,N,X,X,X,X,X,X,1
M,N,F,R,I,S,T,E,1
K,N,F,R,I,S,T,X,1
K,N,F,R,I,S,X,X,1
K,N,F,R,X,X,X,X,1
K,N,F,R,I,X,X,X,1
X,X,F,X,X,X,X,X,1
K,N,F,R,I,S,T,Q,1
K,N,F,R,I,S,I,E,1
K,N,X,R,I,S,T,E,1
K,N,F,R,I,S,N,E,1
K,N,F,X,I,S,T,E,1
X,X,X,X,X,X,T,E,1
K,N,X,X,I,S,T,E,1
X,N,F,X,X,X,X,X,1
K,X,F,X,X,X,X,X,1
X,X,F,R,I,S,X,X,1
X,X,X,X,X,S,T,E,1
X,X,X,X,X,X,X,E,1
K,X,X,X,I,S,T,E,1
K,X,X,R,I,S,T,E,1
X,N,F,R,I,S,T,X,1
R,D,F,R,I,S,T,E,1
X,X,F,R,I,S,T,X,1
K,N,F,R,I,S,X,E,1
X,N,F,R,I,S,X,X,1
K,N,F,X,X,X,T,E,1
K,N,X,R,X,X,X,X,1
K,N,X,X,X,S,T,E,1
X,X,F,R,X,X,X,X,1
K,B,F,R,I,S,T,E,1
K,N,X,X,X,X,X,E,1
X,X,F,X,I,S,T,E,1
K,N,X,X,I,S,T,X,0
X,N,F,R,X,X,X,X,0
X,X,X,X,I,S,T,X,0
K,I,F,R,I,S,T,E,0
K,N,F,X,X,X,X,E,0
K,N,X,X,X,X,T,E,0
K,Q,F,R,I,S,T,E,0
K,X,F,R,X,X,X,X,0
X,N,F,R,I,X,X,X,0
X,X,X,X,X,X,T,X,0
K,N,F,R,I,X,T,E,0
K,N,F,R,X,S,T,E,0
K,N,F,X,I,S,T,X,0
Q,N,F,R,I,S,T,E,0
X,N,F,X,I,S,T,E,0
X,X,X,R,I,S,T,X,0
X,X,X,X,X,S,X,X,0
K,N,F,R,X,X,T,E,0
K,N,F,R,X,X,X,E,0
K,N,F,X,I,X,X,X,0
K,X,F,R,I,S,T,X,0
K,X,F,R,I,S,X,X,0
K,X,X,R,X,X,X,X,0
K,X,X,X,I,S,T,X,0
K,X,X,X,X,X,T,E,0
X,N,X,R,I,S,T,E,0
X,N,X,X,I,S,T,E,0
K,N,F,R,I,X,X,E,0
K,N,F,X,X,S,T,E,0
K,N,X,X,I,X,X,X,0
K,X,X,X,X,S,T,E,0
X,X,F,X,X,X,T,E,0
X,X,X,R,X,X,X,X,0
X,X,X,X,I,S,X,X,0
E,N,F,R,I,S,T,E,0
K,N,F,R,I,X,T,X,0
K,N,F,X,I,S,X,X,0
K,N,X,X,I,S,X,X,0
K,X,X,X,I,S,X,X,0
K,X,X,X,I,X,T,E,0
K,Y,F,R,I,S,T,E,0
X,X,F,R,I,X,X,X,0
X,X,F,R,X,X,T,E,0
X,X,X,R,I,X,X,X,0
X,X,X,X,I,S,X,E,0
X,X,X,X,X,S,T,X,0
K,N,F,R,I,S,A,E,0
K,N,F,R,I,S,S,E,0
K,N,F,R,T,S,T,E,0
K,N,F,R,X,S,T,X,0
K,N,F,R,X,X,T,X,0
K,N,F,X,I,X,T,E,0
K,N,F,X,X,S,X,E,0
K,N,F,X,X,S,X,X,0
K,N,X,R,I,S,T,X,0
K,N,X,R,I,X,X,X,0
K,N,X,X,X,X,T,X,0
K,X,F,R,I,X,T,E,0
K,X,F,R,I,X,X,X,0
K,X,F,R,X,X,T,E,0
K,X,F,X,I,S,T,E,0
K,X,F,X,X,S,T,E,0
K,X,X,X,X,X,X,E,0
N,N,X,X,X,X,X,X,0
S,N,F,R,I,S,T,E,0
X,N,F,X,X,X,T,E,0
X,N,F,X,X,X,X,E,0
X,X,F,R,I,S,X,E,0
X,X,F,R,X,X,X,E,0
X,X,F,X,I,S,X,X,0
X,X,F,X,X,S,T,E,0
X,X,F,X,X,X,X,E,0
X,X,X,R,I,S,X,X,0
X,X,X,X,I,X,X,X,0
X,X,X,X,X,S,X,E,0
E,X,X,X,X,X,X,X,0
K,D,F,R,I,S,T,X,0
K,D,X,X,X,X,X,X,0
K,N,F,I,I,S,T,E,0
K,N,F,R,I,S,T,D,0
K,N,F,R,I,S,T,G,0
K,N,F,R,I,S,T,K,0
K,N,F,R,I,S,T,V,0
K,N,F,R,I,S,T,Z,0
K,N,F,R,I,T,T,E,0
K,N,F,T,I,S,T,E,0
K,N,F,X,I,X,T,X,0
K,N,F,X,X,X,T,X,0
K,N,I,X,X,S,T,E,0
K,N,L,R,I,S,T,E,0
K,N,X,R,I,S,X,X,0
K,N,X,R,I,X,T,E,0
K,N,X,R,X,X,T,E,0
K,N,X,R,X,X,T,X,0
K,N,X,X,I,S,X,E,0
K,N,X,X,I,X,X,E,0
K,N,X,X,X,S,X,E,0
K,N,X,X,X,S,X,X,0
K,X,F,R,I,S,X,E,0
K,X,F,R,X,S,T,X,0
K,X,F,X,I,S,X,X,0
K,X,F,X,X,S,T,X,0
K,X,F,X,X,X,T,E,0
K,X,F,X,X,X,T,X,0
K,X,X,R,I,S,X,X,0
K,X,X,R,I,X,X,X,0
K,X,X,R,X,X,T,E,0
K,X,X,X,I,X,X,X,0
K,X,X,X,X,S,X,X,0
N,X,F,R,X,X,X,X,0
R,N,X,X,X,X,X,X,0
X,N,F,R,I,S,X,E,0
X,N,F,R,X,S,T,E,0
X,N,F,R,X,X,T,X,0
X,N,F,R,X,X,X,E,0
X,N,F,X,I,S,T,X,0
X,N,F,X,I,S,X,X,0
X,N,X,R,I,S,T,X,0
X,N,X,R,I,S,X,X,0
X,N,X,R,X,X,X,X,0
X,N,X,X,I,S,T,X,0
X,N,X,X,X,S,T,E,0
X,N,X,X,X,X,T,E,0
X,X,F,R,X,S,X,X,0
X,X,F,X,I,X,X,X,0
X,X,F,X,X,S,T,X,0
X,X,F,X,X,S,X,E,0
X,X,X,R,I,X,T,E,0
X,X,X,R,X,S,T,E,0
X,X,X,R,X,X,T,X,0
X,X,X,R,X,X,X,E,0
